{
  "Pred_link": -0.00033306633602797468,
  "CI_link": [
    -0.002147175338286561,
    0.00359856462784216
  ],
  "sd_pred_link": 0.0032837114458231531,
  "PI_link": [
    -0.017578174735024706,
    0.016912042062968754
  ],
  "Pred_orig": 0.999733086437004,
  "CI_orig": [
    0.99792110570725412,
    1.0036714049295925
  ],
  "PI_orig": [
    0.98264038731897241,
    1.0171231073086595
  ],
  "z": 0.52127045793549076,
  "p_two_sided": 0.60217837760531179,
  "is_outlier_95": false,
  "is_outlier_99": false
}